Fecha,SÃ­mbolo,Direccion,Jugada,Entrada,Stop,Riesgo,lotes,RU
2022-1-18 16:04:58,BABA,Corto,VBS_ADX,126.92,127.77,0.85,58.82353,50
2022-1-18 16:09:57,AAPL,Corto,VBS_ADX,171.2011,171.8,0.5989,83.48639,50
2022-1-18 16:09:57,BABA,Corto,VBS_ADX,127.86,129.1,1.24,40.32258,50
2022-1-18 16:09:55,MCD,Corto,VBS_ADX,255,255.51,0.51,98.03922,50
2022-1-18 16:09:56,TGT,Corto,VBS_ADX,217.74,218.32,0.58,86.2069,50
2022-1-18 16:14:57,AAPL,Corto,VBS_ADX,171.65,171.97,0.32,156.25,50
2022-1-18 16:14:57,BABA,Corto,VBS_ADX,129.3,129.8,0.5,100,50
2022-1-18 16:14:56,MCD,Corto,VBS_ADX,255.34,255.6683,0.3283,152.29973,50
2022-1-18 16:19:57,UBER,Corto,VBS_ADX,40.57,40.805,0.235,212.76596,50
2022-1-18 16:24:56,TGT,Corto,VBS_ADX,217.84,218.13,0.29,172.41379,50
2022-1-18 16:24:55,WYNN,largo,VBS_ADX,92.85,92.4726,0.3774,132.48543,50
2022-1-18 16:39:56,DIS,largo,VBS_ADX,151.83,151.46,0.37,135.13514,50
2022-1-18 16:39:56,LVS,largo,VBS_ADX,43.86,43.7,0.16,312.5,50
2022-1-18 16:39:55,WMT,Corto,VBS_ADX,143.04,143.4257,0.3857,129.63443,50
2022-1-18 16:44:55,DIS,largo,VBS_ADX,151.58,151.3401,0.2399,208.42018,50
2022-1-18 16:44:57,LVS,largo,VBS_ADX,43.67,43.43,0.24,208.33333,50
2022-1-18 16:44:56,WMT,Corto,VBS_ADX,143.241,143.48,0.239,209.20502,50
2022-1-18 17:19:56,AMAT,Corto,VBS_ADX,158.11,158.57,0.46,108.69565,50
2022-1-18 17:19:57,MU,Corto,VBS_ADX,94.62,95.45,0.83,60.24096,50
2022-1-18 17:19:55,SBUX,Corto,VBS_ADX,98.12,98.24,0.12,416.66667,50
2022-1-18 17:44:55,AMAT,Corto,VBS_ADX,157.7,158.14,0.44,113.63636,50
2022-1-18 17:49:56,AMAT,Corto,VBS_ADX,157.8001,158.14,0.3399,147.10209,50
2022-1-18 17:59:56,MRK,largo,VBS_ADX,81.86,81.77,0.09,555.55556,50
2022-1-18 18:04:56,DIS,largo,VBS_ADX,152.7,152.42,0.28,178.57143,50
2022-1-18 18:04:56,LOW,largo,VBS_ADX,237.58,236.93,0.65,76.92308,50
2022-1-18 19:14:57,WMT,Corto,VBS_ADX,142.89,143.02,0.13,384.61538,50
2022-1-18 19:19:56,LOW,Corto,VBS_ADX,236.51,236.925,0.415,120.48193,50
2022-1-18 19:34:56,MU,Corto,VBS_ADX,93.5799,93.73,0.1501,333.11126,50
2022-1-18 19:39:57,QCOM,Corto,VBS_ADX,181.05,181.3637,0.3137,159.38795,50
2022-1-18 19:39:57,UAL,Corto,VBS_ADX,45.555,45.7,0.145,344.82759,50
2022-1-18 19:44:56,QCOM,Corto,VBS_ADX,181.337,181.55,0.213,234.74178,50
2022-1-18 19:44:56,UAL,Corto,VBS_ADX,45.64,45.71,0.07,714.28571,50
2022-1-18 20:04:56,WMT,Corto,VBS_ADX,142.72,142.8125,0.0925,540.54054,50
2022-1-18 20:09:56,MU,Corto,VBS_ADX,93.4554,93.6159,0.1605,311.52648,50
2022-1-18 20:14:56,TGT,largo,VBS_ADX,220.3484,219.95,0.3984,125.50201,50
2022-1-18 20:24:56,LOW,largo,VBS_ADX,238.7,238.17,0.53,94.33962,50
2022-1-18 20:29:57,LOW,largo,VBS_ADX,238.18,238.08,0.1,500,50
2022-1-18 20:29:56,TGT,largo,VBS_ADX,220.09,219.91,0.18,277.77778,50
2022-1-18 20:34:56,WMT,Corto,VBS_ADX,142.65,142.87,0.22,227.27273,50
2022-1-18 20:49:57,TGT,largo,VBS_ADX,220.41,220.2275,0.1825,273.9726,50
2022-1-18 21:04:57,LOW,largo,VBS_ADX,238.82,238.5,0.32,156.25,50
2022-1-18 21:09:56,LOW,largo,VBS_ADX,238.66,238.29,0.37,135.13514,50
2022-1-18 21:09:56,TGT,largo,VBS_ADX,220.55,220.2213,0.3287,152.11439,50
2022-1-18 21:44:56,WMT,Corto,VBS_ADX,142.29,142.43,0.14,357.14286,50
2022-1-18 21:49:56,WMT,Corto,VBS_ADX,142.33,142.5,0.17,294.11765,50
2022-1-18 21:54:57,QCOM,Corto,VBS_ADX,178.92,179.455,0.535,93.45794,50
2022-1-18 21:54:57,WMT,Corto,VBS_ADX,142.47,142.69,0.22,227.27273,50
2022-1-18 21:59:58,AMD,Corto,VBS_ADX,131.6519,132,0.3481,143.63689,50
2022-1-18 22:04:56,AMD,Corto,VBS_ADX,131.6519,132,0.3481,143.63689,50
2022-1-19 15:59:54,JPM,Corto,VBS_ADX,149.84,150.31,0.47,106.38298,50
2022-1-19 16:14:56,MSFT,largo,VBS_ADX,312.69,311.88,0.81,61.7284,50
2022-1-19 16:14:54,LOW,largo,VBS_ADX,239.24,238.1,1.14,43.85965,50
2022-1-19 16:14:54,NKE,largo,VBS_ADX,148.29,148.04,0.25,200,50
2022-1-19 16:19:56,MSFT,largo,VBS_ADX,312.34,311.15,1.19,42.01681,50
2022-1-19 16:19:56,TGT,largo,VBS_ADX,226.7025,226.04,0.6625,75.4717,50
2022-1-19 16:24:56,MSFT,largo,VBS_ADX,311.15,310.44,0.71,70.42254,50
2022-1-19 16:24:55,TGT,largo,VBS_ADX,226.79,225.51,1.28,39.0625,50
2022-1-19 16:29:55,MSFT,largo,VBS_ADX,311.05,310.49,0.56,89.28571,50
2022-1-19 16:29:55,TGT,largo,VBS_ADX,225.52,225,0.52,96.15385,50
2022-1-19 16:39:55,DIS,Corto,VBS_ADX,150.43,150.97,0.54,92.59259,50
2022-1-19 16:39:56,JPM,Corto,VBS_ADX,148.64,149.4,0.76,65.78947,50
2022-1-19 16:44:55,DIS,Corto,VBS_ADX,150.6316,150.97,0.3384,147.75414,50
2022-1-19 16:44:56,JPM,Corto,VBS_ADX,149.29,149.61,0.32,156.25,50
2022-1-19 16:49:54,CVX,Corto,VBS_ADX,129.23,129.48,0.25,200,50
2022-1-19 16:49:55,JPM,Corto,VBS_ADX,149.45,149.77,0.32,156.25,50
2022-1-19 16:54:55,JPM,Corto,VBS_ADX,149.64,150.04,0.4,125,50
2022-1-19 16:59:56,AMD,Corto,VBS_ADX,129.86,130.56,0.7,71.42857,50
2022-1-19 16:59:54,UBER,Corto,VBS_ADX,37.38,37.58,0.2,250,50
2022-1-19 17:04:56,AMD,Corto,VBS_ADX,130.37,131.1,0.73,68.49315,50
2022-1-19 17:04:55,DIS,Corto,VBS_ADX,150.7,150.93,0.23,217.3913,50
2022-1-19 17:04:55,UBER,Corto,VBS_ADX,37.61,37.8168,0.2068,241.7795,50
2022-1-19 17:09:55,MCD,largo,VBS_ADX,257.11,256.88,0.23,217.3913,50
2022-1-19 17:19:55,UBER,Corto,VBS_ADX,37.565,37.81,0.245,204.08163,50
2022-1-19 17:34:56,SPXL,Corto,VBS_ADX,125.72,126.4,0.68,73.52941,50
2022-1-19 17:49:56,MSFT,Corto,VBS_ADX,307.55,308.05,0.5,100,50
2022-1-19 17:49:56,SPXL,Corto,VBS_ADX,125.965,126.48,0.515,97.08738,50
2022-1-19 17:54:57,AAPL,Corto,VBS_ADX,167.77,168.19,0.42,119.04762,50
2022-1-19 17:54:55,AMD,Corto,VBS_ADX,128.5501,129.19,0.6399,78.13721,50
2022-1-19 17:54:56,SPXL,Corto,VBS_ADX,126.2605,126.82,0.5595,89.3655,50
2022-1-19 17:59:57,AAPL,Corto,VBS_ADX,168.21,168.39,0.18,277.77778,50
2022-1-19 17:59:56,AMD,Corto,VBS_ADX,128.9,129.39,0.49,102.04082,50
2022-1-19 17:59:56,WYNN,Corto,VBS_ADX,89.85,90.01,0.16,312.5,50
2022-1-19 18:04:57,AAPL,Corto,VBS_ADX,168.51,168.67,0.16,312.5,50
2022-1-19 18:04:56,AMD,Corto,VBS_ADX,128.94,129.39,0.45,111.11111,50
2022-1-19 18:04:56,LVS,largo,VBS_ADX,44.302,44.15,0.152,328.94737,50
2022-1-19 18:09:55,UAL,Corto,VBS_ADX,44.72,44.805,0.085,588.23529,50
2022-1-19 18:24:55,MCD,largo,VBS_ADX,257.8514,257.73,0.1214,411.86161,50
2022-1-19 18:24:55,LVS,largo,VBS_ADX,44.62,44.5,0.12,416.66667,50
2022-1-19 18:24:56,WMT,largo,VBS_ADX,144.6621,144.52,0.1421,351.86488,50
2022-1-19 18:29:56,MCD,largo,VBS_ADX,257.84,257.65,0.19,263.15789,50
2022-1-19 18:34:54,MCD,largo,VBS_ADX,257.68,257.34,0.34,147.05882,50
2022-1-19 18:39:55,MCD,largo,VBS_ADX,257.5249,257.33,0.1949,256.54182,50
2022-1-19 18:39:54,LVS,largo,VBS_ADX,44.675,44.58,0.095,526.31579,50
2022-1-19 18:39:54,TGT,largo,VBS_ADX,226.3934,226.18,0.2134,234.30178,50
2022-1-19 18:39:54,WMT,largo,VBS_ADX,144.56,144.4,0.16,312.5,50
2022-1-19 18:39:55,WYNN,largo,VBS_ADX,90.9,90.73,0.17,294.11765,50
2022-1-19 18:44:54,DIS,largo,VBS_ADX,152.55,152.205,0.345,144.92754,50
2022-1-19 18:44:53,MCD,largo,VBS_ADX,257.45,257.27,0.18,277.77778,50
2022-1-19 18:44:54,LVS,largo,VBS_ADX,44.55,44.41,0.14,357.14286,50
2022-1-19 18:44:54,SPXL,largo,VBS_ADX,127.51,127.28,0.23,217.3913,50
2022-1-19 18:44:54,WMT,largo,VBS_ADX,144.5,144.345,0.155,322.58065,50
2022-1-19 18:44:53,WYNN,largo,VBS_ADX,90.66,90.51,0.15,333.33333,50
2022-1-19 18:49:54,GLD,largo,VBS_ADX,171.98,171.92,0.06,833.33333,50
2022-1-19 18:59:55,AAPL,largo,VBS_ADX,168.98,168.735,0.245,204.08163,50
2022-1-19 18:59:53,SPXL,largo,VBS_ADX,127.89,127.63,0.26,192.30769,50
2022-1-19 19:09:54,DIS,largo,VBS_ADX,152.465,152.24,0.225,222.22222,50
2022-1-19 19:09:55,MSFT,largo,VBS_ADX,311.05,310.6602,0.3898,128.27091,50
2022-1-19 19:24:55,MSFT,largo,VBS_ADX,310.68,310.34,0.34,147.05882,50
2022-1-19 19:29:55,MSFT,largo,VBS_ADX,310.61,310.22,0.39,128.20513,50
2022-1-19 20:04:56,GLD,largo,VBS_ADX,172.04,171.98,0.06,833.33333,50
2022-1-19 20:24:54,CVX,Corto,VBS_ADX,129.13,129.31,0.18,277.77778,50
2022-1-19 20:29:55,CVX,Corto,VBS_ADX,129.18,129.28,0.1,500,50
2022-1-19 20:39:54,AMAT,Corto,VBS_ADX,144.54,144.98,0.44,113.63636,50
2022-1-19 20:39:53,NUGT,Corto,VBS_ADX,52.2783,52.39,0.1117,447.62757,50
2022-1-19 20:44:55,CVX,Corto,VBS_ADX,129.153,129.38,0.227,220.26432,50
2022-1-19 20:44:53,LOW,Corto,VBS_ADX,236.17,236.61,0.44,113.63636,50
2022-1-19 20:44:54,NKE,Corto,VBS_ADX,145.99,146.33,0.34,147.05882,50
2022-1-19 20:44:55,MU,Corto,VBS_ADX,90.46,90.73,0.27,185.18519,50
2022-1-19 20:44:54,NUGT,Corto,VBS_ADX,52.32,52.49,0.17,294.11765,50
2022-1-19 20:44:55,SPXL,Corto,VBS_ADX,125.26,125.97,0.71,70.42254,50
2022-1-19 20:44:54,TGT,Corto,VBS_ADX,224.3223,224.72,0.3977,125.72291,50
2022-1-19 20:49:54,MCD,Corto,VBS_ADX,256.52,256.8099,0.2899,172.47327,50
2022-1-19 20:49:55,LOW,Corto,VBS_ADX,236.48,236.87,0.39,128.20513,50
2022-1-19 20:49:56,MU,Corto,VBS_ADX,90.47,90.76,0.29,172.41379,50
2022-1-19 20:49:54,NUGT,Corto,VBS_ADX,52.5,52.66,0.16,312.5,50
2022-1-19 20:49:54,SPXL,Corto,VBS_ADX,125.39,125.94,0.55,90.90909,50
2022-1-19 20:49:55,TGT,Corto,VBS_ADX,224.535,224.88,0.345,144.92754,50
2022-1-19 20:54:55,SPXL,Corto,VBS_ADX,125.46,125.73,0.27,185.18519,50
2022-1-19 20:54:55,TGT,Corto,VBS_ADX,224.59,224.85,0.26,192.30769,50
2022-1-19 20:59:54,AMAT,Corto,VBS_ADX,144.93,145.4799,0.5499,90.92562,50
2022-1-19 20:59:55,LVS,Corto,VBS_ADX,43.89,43.99,0.1,500,50
2022-1-19 20:59:55,NKE,Corto,VBS_ADX,146.13,146.31,0.18,277.77778,50
2022-1-19 20:59:55,SPXL,Corto,VBS_ADX,125.92,126.3099,0.3899,128.23801,50
2022-1-19 21:15:02,LVS,Corto,VBS_ADX,44.06,44.165,0.105,476.19048,50
2022-1-19 21:19:55,DIS,Corto,VBS_ADX,150.41,150.6,0.19,263.15789,50
2022-1-19 21:44:55,DIS,Corto,VBS_ADX,150.25,150.6,0.35,142.85714,50
2022-1-20 16:59:59,TGT,largo,VBS_ADX,228.4,227.745,0.655,76.33588,50
2022-1-20 17:05:00,TGT,largo,VBS_ADX,228.31,227.815,0.495,101.0101,50
2022-1-20 17:15:01,AAPL,largo,VBS_ADX,169.08,168.96,0.12,416.66667,50
2022-1-20 17:15:01,DIS,largo,VBS_ADX,152.105,151.7,0.405,123.45679,50
2022-1-20 17:15:01,SPXL,largo,VBS_ADX,127.99,127.5901,0.3999,125.03126,50
2022-1-20 17:15:00,UBER,largo,VBS_ADX,39.245,39.05,0.195,256.41026,50
2022-1-20 17:20:00,DIS,largo,VBS_ADX,151.91,151.72,0.19,263.15789,50
2022-1-20 17:24:59,DIS,largo,VBS_ADX,151.8,151.4693,0.3307,151.19444,50
2022-1-20 17:45:00,TGT,largo,VBS_ADX,228.75,228.03,0.72,69.44444,50
2022-1-20 17:50:01,CVX,largo,VBS_ADX,130.69,130.44,0.25,200,50
2022-1-20 17:49:59,GLD,Corto,VBS_ADX,171.8889,171.98,0.0911,548.84742,50
2022-1-20 17:50:00,NUGT,Corto,VBS_ADX,52.84,52.98,0.14,357.14286,50
2022-1-20 17:49:59,TGT,largo,VBS_ADX,228.69,228.23,0.46,108.69565,50
2022-1-20 17:54:59,CVX,largo,VBS_ADX,130.63,130.44,0.19,263.15789,50
2022-1-20 17:54:59,GLD,Corto,VBS_ADX,171.975,172.045,0.07,714.28571,50
2022-1-20 17:54:59,NUGT,Corto,VBS_ADX,52.94,52.99,0.05,1000,50
2022-1-20 18:00:01,CVX,largo,VBS_ADX,130.55,130.31,0.24,208.33333,50
2022-1-20 17:59:59,GLD,Corto,VBS_ADX,171.98,172.049,0.069,724.63768,50
2022-1-20 18:00:01,NUGT,Corto,VBS_ADX,52.95,53.2,0.25,200,50
2022-1-20 18:05:00,CVX,largo,VBS_ADX,130.51,130.3,0.21,238.09524,50
2022-1-20 18:04:59,GLD,Corto,VBS_ADX,172.0127,172.078,0.0653,765.69678,50
2022-1-20 18:10:01,CVX,largo,VBS_ADX,130.48,130.3236,0.1564,319.69309,50
2022-1-20 18:14:59,CVX,largo,VBS_ADX,130.41,130.32,0.09,555.55556,50
2022-1-20 19:24:59,CVX,largo,VBS_ADX,130.52,130.33,0.19,263.15789,50
2022-1-20 19:29:59,DIS,Corto,VBS_ADX,150.67,150.9229,0.2529,197.7066,50
2022-1-20 19:45:01,AAPL,Corto,VBS_ADX,167.615,167.8,0.185,270.27027,50
2022-1-20 19:44:59,DIS,Corto,VBS_ADX,150.74,150.89,0.15,333.33333,50
2022-1-20 19:45:00,MU,Corto,VBS_ADX,88.84,88.93,0.09,555.55556,50
2022-1-20 19:44:59,SPXL,Corto,VBS_ADX,126.1433,126.35,0.2067,241.89647,50
2022-1-20 20:10:01,AAPL,Corto,VBS_ADX,167.62,167.77,0.15,333.33333,50
2022-1-20 20:10:01,MU,Corto,VBS_ADX,88.67,88.92,0.25,200,50
2022-1-20 20:14:59,CVX,largo,VBS_ADX,130.7399,130.35,0.3899,128.23801,50
2022-1-20 20:20:00,CVX,largo,VBS_ADX,130.47,130.265,0.205,243.90244,50
2022-1-20 20:25:01,MSFT,Corto,VBS_ADX,307.03,307.62,0.59,84.74576,50
2022-1-20 20:40:01,NUGT,Corto,VBS_ADX,52.8,52.87,0.07,714.28571,50
2022-1-20 20:55:01,JPM,Corto,VBS_ADX,149.34,149.6087,0.2687,186.08113,50
2022-1-20 20:59:59,AMAT,Corto,VBS_ADX,143.54,143.89,0.35,142.85714,50
2022-1-20 20:59:59,SBUX,Corto,VBS_ADX,97.25,97.41,0.16,312.5,50
2022-1-20 21:05:01,NUGT,Corto,VBS_ADX,52.79,52.82,0.03,1666.66667,50
2022-1-20 21:20:00,JPM,Corto,VBS_ADX,148.95,149.105,0.155,322.58065,50
2022-1-21 15:45:00,WMT,Corto,VBS_ADX,141.48,142.22,0.74,67.56757,50
2022-1-21 15:49:58,WMT,Corto,VBS_ADX,141.94,142.2,0.26,192.30769,50
2022-1-21 15:54:59,UBER,Corto,VBS_ADX,36.83,37.05,0.22,227.27273,50
2022-1-21 15:54:58,WYNN,Corto,VBS_ADX,86.56,86.94,0.38,131.57895,50
2022-1-21 16:04:59,LOW,Corto,VBS_ADX,223.98,224.9299,0.9499,52.63712,50
2022-1-21 16:09:58,AMAT,Corto,VBS_ADX,137.0054,137.76,0.7546,66.26027,50
2022-1-21 16:34:57,AMAT,Corto,VBS_ADX,138.02,139.07,1.05,47.61905,50
2022-1-21 16:34:59,MCD,largo,VBS_ADX,256.92,256.24,0.68,73.52941,50
2022-1-21 16:34:58,NUGT,Corto,VBS_ADX,51.199,51.33,0.131,381.67939,50
2022-1-21 16:34:58,UAL,Corto,VBS_ADX,41.86,42.34,0.48,104.16667,50
2022-1-21 16:34:59,UBER,Corto,VBS_ADX,36.74,37.06,0.32,156.25,50
2022-1-21 16:34:59,WYNN,Corto,VBS_ADX,85.31,86.22,0.91,54.94505,50
2022-1-21 16:40:00,BABA,Corto,VBS_ADX,126.36,126.93,0.57,87.7193,50
2022-1-21 16:39:59,NUGT,Corto,VBS_ADX,51.3062,51.58,0.2738,182.61505,50
2022-1-21 16:39:58,UBER,Corto,VBS_ADX,36.8,37.17,0.37,135.13514,50
2022-1-21 16:39:59,WYNN,Corto,VBS_ADX,85.99,86.35,0.36,138.88889,50
2022-1-21 16:44:58,WYNN,Corto,VBS_ADX,86,86.39,0.39,128.20513,50
2022-1-21 16:49:59,SBUX,largo,VBS_ADX,97.66,97.47,0.19,263.15789,50
2022-1-21 16:59:58,GLD,Corto,VBS_ADX,171.295,171.3976,0.1026,487.32943,50
2022-1-21 17:04:58,MCD,largo,VBS_ADX,257.4998,257.11,0.3898,128.27091,50
2022-1-21 17:09:58,LVS,largo,VBS_ADX,44.62,44.43,0.19,263.15789,50
2022-1-21 17:19:59,MCD,largo,VBS_ADX,257.94,257.5,0.44,113.63636,50
2022-1-21 17:19:57,LOW,largo,VBS_ADX,229.5,228.46,1.04,48.07692,50
2022-1-21 17:19:58,NKE,largo,VBS_ADX,146.1408,145.7,0.4408,113.43013,50
2022-1-21 17:29:59,GLD,Corto,VBS_ADX,171.23,171.36,0.13,384.61538,50
2022-1-21 17:35:00,AMD,largo,VBS_ADX,124.27,123.4201,0.8499,58.83045,50
2022-1-21 17:34:58,GLD,Corto,VBS_ADX,171.25,171.35,0.1,500,50
2022-1-21 17:34:59,MCD,largo,VBS_ADX,258.05,257.42,0.63,79.36508,50
2022-1-21 17:34:58,LOW,largo,VBS_ADX,228.595,227.55,1.045,47.84689,50
2022-1-21 17:34:58,NKE,largo,VBS_ADX,146.055,145.65,0.405,123.45679,50
2022-1-21 17:34:59,QCOM,largo,VBS_ADX,171.42,170.19,1.23,40.65041,50
2022-1-21 17:34:59,SBUX,largo,VBS_ADX,98.2,97.927,0.273,183.15018,50
2022-1-21 17:39:59,AMD,largo,VBS_ADX,123.9,122.6,1.3,38.46154,50
2022-1-21 17:39:58,MCD,largo,VBS_ADX,257.415,256.78,0.635,78.74016,50
2022-1-21 17:39:58,LVS,largo,VBS_ADX,44.78,44.425,0.355,140.84507,50
2022-1-21 17:39:59,LOW,largo,VBS_ADX,228.4199,227.3,1.1199,44.64684,50
2022-1-21 17:39:59,NKE,largo,VBS_ADX,145.898,145.11,0.788,63.45178,50
2022-1-21 17:44:58,NKE,largo,VBS_ADX,145.27,144.98,0.29,172.41379,50
2022-1-21 17:49:59,TGT,largo,VBS_ADX,219.94,218.97,0.97,51.54639,50
2022-1-21 17:54:57,TGT,largo,VBS_ADX,219.34,218.55,0.79,63.29114,50
2022-1-21 18:04:58,LVS,largo,VBS_ADX,44.64,44.48,0.16,312.5,50
2022-1-21 19:19:59,GLD,Corto,VBS_ADX,171.055,171.14,0.085,588.23529,50
2022-1-21 19:44:59,GLD,Corto,VBS_ADX,171.015,171.09,0.075,666.66667,50
2022-1-21 19:49:58,GLD,Corto,VBS_ADX,171.04,171.09,0.05,1000,50
2022-1-21 19:54:59,GLD,Corto,VBS_ADX,171.075,171.15,0.075,666.66667,50
2022-1-21 20:19:59,NUGT,Corto,VBS_ADX,49.69,49.79,0.1,500,50
2022-1-21 20:44:59,NUGT,Corto,VBS_ADX,49.52,49.63,0.11,454.54545,50
2022-1-21 20:49:59,NUGT,Corto,VBS_ADX,49.72,49.7767,0.0567,881.83422,50
2022-1-21 21:14:59,UAL,Corto,VBS_ADX,41.55,41.67,0.12,416.66667,50
2022-1-21 21:24:58,NUGT,Corto,VBS_ADX,49.1772,49.28,0.1028,486.38132,50
2022-1-21 21:35:00,NKE,Corto,VBS_ADX,143.06,143.3744,0.3144,159.03308,50
2022-1-21 21:39:58,AMAT,Corto,VBS_ADX,136.05,136.5,0.45,111.11111,50
2022-1-21 21:39:59,BABA,Corto,VBS_ADX,123.02,123.235,0.215,232.55814,50
2022-1-21 21:39:59,GLD,Corto,VBS_ADX,170.765,170.91,0.145,344.82759,50
2022-1-21 21:39:59,NUGT,Corto,VBS_ADX,49.17,49.35,0.18,277.77778,50
2022-1-21 21:39:59,UBER,Corto,VBS_ADX,36.115,36.345,0.23,217.3913,50
2022-1-21 21:39:59,WYNN,Corto,VBS_ADX,85.2101,85.53,0.3199,156.29884,50
2022-1-21 21:49:58,NKE,Corto,VBS_ADX,143.32,143.7699,0.4499,111.13581,50
2022-1-24 18:00:07,NUGT,Corto,VBS_ADX,46.37,46.5512,0.1812,275.93819,50
2022-1-24 18:00:12,SPXL,Corto,VBS_ADX,101.679,102.4,0.721,69.34813,50
2022-1-24 18:00:09,WYNN,Corto,VBS_ADX,79.655,80.11,0.455,109.89011,50
2022-1-24 18:05:03,MU,Corto,VBS_ADX,78.73,79.1,0.37,135.13514,50
2022-1-24 18:05:03,WMT,Corto,VBS_ADX,137.835,137.99,0.155,322.58065,50
2022-1-24 18:25:04,TGT,Corto,VBS_ADX,212.2401,213.15,0.9099,54.95109,50
2022-1-24 18:25:03,WMT,Corto,VBS_ADX,137.78,138.08,0.3,166.66667,50
2022-1-24 18:40:05,AMD,Corto,VBS_ADX,108.51,109.29,0.78,64.10256,50
2022-1-24 18:40:04,DIS,Corto,VBS_ADX,129.77,130.1499,0.3799,131.61358,50
2022-1-24 18:50:03,AAPL,Corto,VBS_ADX,156.42,156.96,0.54,92.59259,50
2022-1-24 18:50:04,MU,Corto,VBS_ADX,78.36,78.62,0.26,192.30769,50
2022-1-24 18:50:04,QCOM,Corto,VBS_ADX,160.295,161.08,0.785,63.69427,50
2022-1-24 18:50:04,SPXL,Corto,VBS_ADX,100.71,101.39,0.68,73.52941,50
2022-1-24 18:50:04,UAL,Corto,VBS_ADX,39.0046,39.16,0.1554,321.75032,50
2022-1-24 18:50:03,WYNN,Corto,VBS_ADX,79.34,79.69,0.35,142.85714,50
2022-1-24 18:55:04,MCD,Corto,VBS_ADX,248.66,249.36,0.7,71.42857,50
2022-1-24 18:55:05,MU,Corto,VBS_ADX,78.44,79.13,0.69,72.46377,50
2022-1-24 18:55:03,QCOM,Corto,VBS_ADX,160.77,162.02,1.25,40,50
2022-1-24 18:55:03,UAL,Corto,VBS_ADX,39.13,39.325,0.195,256.41026,50
2022-1-24 19:30:05,MSFT,largo,VBS_ADX,287.91,286.15,1.76,28.40909,50
2022-1-24 19:45:03,JPM,largo,VBS_ADX,142.744,142.2,0.544,91.91176,50
2022-1-24 19:50:04,GLD,largo,VBS_ADX,172.05,171.99,0.06,833.33333,50
2022-1-24 20:15:04,AAPL,largo,VBS_ADX,159.17,157.97,1.2,41.66667,50
2022-1-24 20:15:04,LOW,largo,VBS_ADX,228.51,226.7,1.81,27.62431,50
2022-1-24 20:15:03,SPXL,largo,VBS_ADX,107.2599,105.61,1.6499,30.30487,50
2022-1-24 20:15:04,TGT,largo,VBS_ADX,218.09,216.72,1.37,36.49635,50
2022-1-24 20:20:05,AAPL,largo,VBS_ADX,158.51,157.77,0.74,67.56757,50
2022-1-24 20:20:04,LOW,largo,VBS_ADX,226.95,226.2,0.75,66.66667,50
2022-1-24 20:20:04,SPXL,largo,VBS_ADX,106.11,105.16,0.95,52.63158,50
2022-1-24 20:20:04,TGT,largo,VBS_ADX,217.03,216.18,0.85,58.82353,50
2022-1-24 20:20:04,UBER,largo,VBS_ADX,35.56,35.35,0.21,238.09524,50
2022-1-24 20:25:04,JPM,largo,VBS_ADX,142.61,142.06,0.55,90.90909,50
2022-1-24 20:25:05,MSFT,largo,VBS_ADX,289.43,287.05,2.38,21.0084,50
2022-1-24 20:25:04,LOW,largo,VBS_ADX,226.69,225.955,0.735,68.02721,50
2022-1-24 20:25:04,MU,largo,VBS_ADX,81.0306,80.39,0.6406,78.05183,50
2022-1-24 20:25:03,SBUX,largo,VBS_ADX,97.375,96.9,0.475,105.26316,50
2022-1-24 20:25:05,SPXL,largo,VBS_ADX,105.97,104.15,1.82,27.47253,50
2022-1-24 20:25:03,TGT,largo,VBS_ADX,216.84,215.59,1.25,40,50
2022-1-24 20:25:03,UAL,largo,VBS_ADX,40.54,40.295,0.245,204.08163,50
2022-1-24 20:25:03,UBER,largo,VBS_ADX,35.5599,35.18,0.3799,131.61358,50
2022-1-24 20:30:04,LOW,largo,VBS_ADX,226.6533,225.955,0.6983,71.60246,50
2022-1-24 20:30:04,MU,largo,VBS_ADX,80.68,80.31,0.37,135.13514,50
2022-1-24 20:30:07,SBUX,largo,VBS_ADX,97.1,96.76,0.34,147.05882,50
2022-1-24 20:30:04,UAL,largo,VBS_ADX,40.435,40.3,0.135,370.37037,50
2022-1-24 20:30:07,UBER,largo,VBS_ADX,35.26,35.11,0.15,333.33333,50
2022-1-24 20:45:04,WYNN,largo,VBS_ADX,82.8592,82.59,0.2692,185.73551,50
2022-1-24 21:45:05,MU,largo,VBS_ADX,82.5,81.69,0.81,61.7284,50
2022-1-24 21:45:04,UBER,largo,VBS_ADX,35.855,35.7,0.155,322.58065,50
2022-1-24 21:50:04,MU,largo,VBS_ADX,82.35,81.77,0.58,86.2069,50
2022-1-24 21:50:05,QCOM,largo,VBS_ADX,169.39,168.57,0.82,60.97561,50
2022-1-25 15:50:01,BABA,largo,VBS_ADX,121.16,120.45,0.71,70.42254,50
2022-1-25 15:54:58,BABA,largo,VBS_ADX,120.99,119.8,1.19,42.01681,50
2022-1-25 16:00:00,BABA,largo,VBS_ADX,119.75,119.1,0.65,76.92308,50
2022-1-25 16:00:00,GILD,largo,VBS_ADX,68.47,68.25,0.22,227.27273,50
2022-1-25 16:19:59,JPM,Corto,VBS_ADX,141.6,142.19,0.59,84.74576,50
2022-1-25 16:20:00,LVS,Corto,VBS_ADX,43.55,44.04,0.49,102.04082,50
2022-1-25 16:25:00,JPM,Corto,VBS_ADX,141.8,142.29,0.49,102.04082,50
2022-1-25 16:24:59,LVS,Corto,VBS_ADX,43.61,43.92,0.31,161.29032,50
2022-1-25 16:25:00,LOW,Corto,VBS_ADX,226.16,226.8906,0.7306,68.4369,50
2022-1-25 16:25:00,WFC,Corto,VBS_ADX,51.955,52.29,0.335,149.25373,50
2022-1-25 16:29:58,JPM,Corto,VBS_ADX,141.98,142.75,0.77,64.93506,50
2022-1-25 16:29:58,WFC,Corto,VBS_ADX,52.28,52.51,0.23,217.3913,50
2022-1-25 16:34:58,EBAY,Corto,VBS_ADX,57.42,57.6,0.18,277.77778,50
2022-1-25 16:35:01,MSFT,Corto,VBS_ADX,289.33,290.23,0.9,55.55556,50
2022-1-25 16:34:59,UBER,Corto,VBS_ADX,34.89,35.055,0.165,303.0303,50
2022-1-25 17:29:59,TGT,Corto,VBS_ADX,214.005,214.79,0.785,63.69427,50
2022-1-25 17:44:58,CVX,largo,VBS_ADX,129.1,128.79,0.31,161.29032,50
2022-1-25 17:50:01,MSFT,Corto,VBS_ADX,285.88,286.54,0.66,75.75758,50
2022-1-25 17:54:58,TGT,Corto,VBS_ADX,213.47,214.25,0.78,64.10256,50
2022-1-25 18:05:00,CVX,largo,VBS_ADX,129.62,129.34,0.28,178.57143,50
2022-1-25 18:09:58,MSFT,Corto,VBS_ADX,287.35,287.96,0.61,81.96721,50
2022-1-25 18:14:58,TGT,Corto,VBS_ADX,214,214.47,0.47,106.38298,50
2022-1-25 18:49:58,CVX,largo,VBS_ADX,129.99,129.55,0.44,113.63636,50
2022-1-25 18:54:58,CVX,largo,VBS_ADX,129.68,129.5,0.18,277.77778,50
2022-1-25 19:44:59,GLD,largo,VBS_ADX,172.945,172.81,0.135,370.37037,50
2022-1-25 19:49:58,GLD,largo,VBS_ADX,172.9,172.831,0.069,724.63768,50
2022-1-25 19:55:00,GLD,largo,VBS_ADX,172.9099,172.87,0.0399,1253.13283,50
2022-1-25 20:00:01,MSFT,largo,VBS_ADX,292.02,291.54,0.48,104.16667,50
2022-1-25 20:10:01,AAPL,largo,VBS_ADX,160.24,159.87,0.37,135.13514,50
2022-1-25 20:29:59,KO,largo,VBS_ADX,59.68,59.61,0.07,714.28571,50
2022-1-25 20:29:58,WFC,largo,VBS_ADX,53.55,53.4501,0.0999,500.5005,50
2022-1-25 20:34:58,DIS,largo,VBS_ADX,136.9,136.61,0.29,172.41379,50
2022-1-25 20:34:59,INTC,largo,VBS_ADX,51.455,51.31,0.145,344.82759,50
2022-1-25 20:35:01,MSFT,largo,VBS_ADX,293.7267,292.27,1.4567,34.32416,50
2022-1-25 20:35:00,LOW,largo,VBS_ADX,231.0992,230.45,0.6492,77.01787,50
2022-1-25 20:35:01,MRK,largo,VBS_ADX,79.37,79.2433,0.1267,394.63299,50
2022-1-25 20:34:58,TWTR,largo,VBS_ADX,34.78,34.68,0.1,500,50
2022-1-25 20:35:00,WFC,largo,VBS_ADX,53.5,53.395,0.105,476.19048,50
2022-1-25 20:40:01,AMD,largo,VBS_ADX,112.95,112.74,0.21,238.09524,50
2022-1-25 20:39:59,DIS,largo,VBS_ADX,136.845,136.5,0.345,144.92754,50
2022-1-25 20:40:01,MSFT,largo,VBS_ADX,292.95,292.36,0.59,84.74576,50
2022-1-25 20:39:59,LOW,largo,VBS_ADX,230.48,230.19,0.29,172.41379,50
2022-1-25 20:40:00,MRK,largo,VBS_ADX,79.36,79.255,0.105,476.19048,50
2022-1-25 20:40:01,TWTR,largo,VBS_ADX,34.69,34.62,0.07,714.28571,50
2022-1-25 21:04:59,GLD,largo,VBS_ADX,172.97,172.84,0.13,384.61538,50
2022-1-25 21:04:59,NUGT,largo,VBS_ADX,49.77,49.57,0.2,250,50
2022-1-25 21:10:01,AAPL,largo,VBS_ADX,162.08,161.3158,0.7642,65.4279,50
2022-1-25 21:10:00,AMD,largo,VBS_ADX,113.65,112.69,0.96,52.08333,50
2022-1-25 21:10:00,DIS,largo,VBS_ADX,137.2595,136.792,0.4675,106.95187,50
2022-1-25 21:09:59,JPM,largo,VBS_ADX,145.88,145.55,0.33,151.51515,50
2022-1-25 21:09:59,MET,largo,VBS_ADX,65.87,65.66,0.21,238.09524,50
2022-1-25 21:10:01,MSFT,largo,VBS_ADX,294.56,293.12,1.44,34.72222,50
2022-1-25 21:10:00,LOW,largo,VBS_ADX,231.34,230.74,0.6,83.33333,50
2022-1-25 21:09:59,MU,largo,VBS_ADX,82.05,81.66,0.39,128.20513,50
2022-1-25 21:10:00,NUGT,largo,VBS_ADX,49.62,49.35,0.27,185.18519,50
2022-1-25 21:10:01,SPXL,largo,VBS_ADX,112.24,111.12,1.12,44.64286,50
2022-1-25 21:09:58,TWTR,largo,VBS_ADX,34.75,34.59,0.16,312.5,50
2022-1-25 21:09:58,UBER,largo,VBS_ADX,35.44,35.175,0.265,188.67925,50
2022-1-25 21:09:59,WYNN,largo,VBS_ADX,87.13,86.8001,0.3299,151.56108,50
2022-1-25 21:15:00,AAPL,largo,VBS_ADX,161.53,161.21,0.32,156.25,50
2022-1-25 21:15:01,AMD,largo,VBS_ADX,113.03,112.4567,0.5733,87.21437,50
2022-1-25 21:15:01,DIS,largo,VBS_ADX,136.9476,136.67,0.2776,180.11527,50
2022-1-25 21:14:59,JPM,largo,VBS_ADX,145.73,145.5,0.23,217.3913,50
2022-1-25 21:15:00,KO,largo,VBS_ADX,59.925,59.835,0.09,555.55556,50
2022-1-25 21:15:01,MET,largo,VBS_ADX,65.76,65.6301,0.1299,384.91147,50
2022-1-25 21:14:59,MCD,largo,VBS_ADX,251.64,251.02,0.62,80.64516,50
2022-1-25 21:15:01,MSFT,largo,VBS_ADX,294.02,292.85,1.17,42.73504,50
2022-1-25 21:14:58,LVS,largo,VBS_ADX,45.14,45.045,0.095,526.31579,50
2022-1-25 21:15:01,MRK,largo,VBS_ADX,79.62,79.4,0.22,227.27273,50
2022-1-25 21:14:59,NUGT,largo,VBS_ADX,49.48,49.3,0.18,277.77778,50
2022-1-25 21:15:01,SPXL,largo,VBS_ADX,111.39,110.85,0.54,92.59259,50
2022-1-25 21:15:00,TWTR,largo,VBS_ADX,34.65,34.5701,0.0799,625.78223,50
2022-1-25 21:15:01,UAL,largo,VBS_ADX,41.735,41.63,0.105,476.19048,50
2022-1-25 21:14:58,WYNN,largo,VBS_ADX,87.05,86.8301,0.2199,227.37608,50
2022-1-25 21:20:00,KO,largo,VBS_ADX,59.92,59.86,0.06,833.33333,50
2022-1-25 21:19:59,MRK,largo,VBS_ADX,79.55,79.445,0.105,476.19048,50
2022-1-25 21:29:58,DIS,largo,VBS_ADX,137.03,136.43,0.6,83.33333,50
2022-1-25 21:29:59,GLD,Corto,VBS_ADX,172.605,172.64,0.035,1428.57143,50
2022-1-25 21:30:00,WYNN,largo,VBS_ADX,86.59,86.3152,0.2748,181.95051,50
2022-1-25 21:34:59,JPM,largo,VBS_ADX,145.685,145.42,0.265,188.67925,50
2022-1-26 15:45:00,GILD,Corto,VBS_ADX,67.56,67.88,0.32,156.25,50
2022-1-26 15:44:58,INTC,Corto,VBS_ADX,51.13,51.31,0.18,277.77778,50
2022-1-26 15:49:58,GILD,Corto,VBS_ADX,67.95,68.15,0.2,250,50
2022-1-26 16:00:00,GLD,Corto,VBS_ADX,171.3201,171.52,0.1999,250.12506,50
2022-1-26 16:04:58,GLD,Corto,VBS_ADX,171.39,171.67,0.28,178.57143,50
2022-1-26 16:05:00,MET,largo,VBS_ADX,67.2,67.05,0.15,333.33333,50
2022-1-26 16:09:58,AMAT,largo,VBS_ADX,138.51,138.13,0.38,131.57895,50
2022-1-26 16:10:00,GLD,Corto,VBS_ADX,171.44,171.63,0.19,263.15789,50
2022-1-26 16:15:00,SBUX,largo,VBS_ADX,98.4,98.1,0.3,166.66667,50
2022-1-26 16:19:59,JPM,largo,VBS_ADX,149.96,149.52,0.44,113.63636,50
2022-1-26 16:19:58,MET,largo,VBS_ADX,66.94,66.71,0.23,217.3913,50
2022-1-26 16:20:00,SBUX,largo,VBS_ADX,98.02,97.76,0.26,192.30769,50
2022-1-26 16:19:59,UBER,largo,VBS_ADX,36.14,36.03,0.11,454.54545,50
2022-1-26 16:24:58,AMAT,largo,VBS_ADX,138.285,137.22,1.065,46.94836,50
2022-1-26 16:24:58,UBER,largo,VBS_ADX,36.11,35.93,0.18,277.77778,50
2022-1-26 16:29:58,AMAT,largo,VBS_ADX,137.265,136.88,0.385,129.87013,50
2022-1-26 16:29:58,UBER,largo,VBS_ADX,35.9897,35.7902,0.1995,250.62657,50
2022-1-26 16:34:59,JPM,largo,VBS_ADX,149.08,148.58,0.5,100,50
2022-1-26 17:04:59,ORCL,Corto,VBS_ADX,81.08,81.26,0.18,277.77778,50
2022-1-26 17:15:00,SNAP,Corto,VBS_ADX,30.35,30.43,0.08,625,50
2022-1-26 17:20:00,SNAP,Corto,VBS_ADX,30.43,30.6,0.17,294.11765,50
2022-1-26 17:25:00,SNAP,Corto,VBS_ADX,30.455,30.63,0.175,285.71429,50
2022-1-26 17:34:59,GLD,Corto,VBS_ADX,171.0825,171.1599,0.0774,645.99483,50
2022-1-26 17:39:58,GLD,Corto,VBS_ADX,171.12,171.2,0.08,625,50
2022-1-26 17:45:00,GLD,Corto,VBS_ADX,171.165,171.26,0.095,526.31579,50
2022-1-26 17:55:00,INTC,largo,VBS_ADX,52.205,52.13,0.075,666.66667,50
2022-1-26 18:09:59,GLD,Corto,VBS_ADX,171.07,171.17,0.1,500,50
2022-1-26 18:24:59,INTC,largo,VBS_ADX,52.28,52.24,0.04,1250,50
2022-1-26 18:40:00,GLD,Corto,VBS_ADX,171.02,171.09,0.07,714.28571,50
2022-1-26 18:50:00,MU,largo,VBS_ADX,84.31,84.15,0.16,312.5,50
2022-1-26 18:54:58,AMAT,largo,VBS_ADX,140.13,139.9,0.23,217.3913,50
2022-1-26 18:54:59,INTC,largo,VBS_ADX,52.265,52.17,0.095,526.31579,50
2022-1-26 18:54:59,MU,largo,VBS_ADX,84.18,84.01,0.17,294.11765,50
2022-1-26 19:10:00,AMAT,largo,VBS_ADX,139.1999,138.82,0.3799,131.61358,50
2022-1-26 19:09:58,WYNN,largo,VBS_ADX,88.907,88.71,0.197,253.80711,50
2022-1-26 19:55:01,BABA,Corto,VBS_ADX,115.51,115.75,0.24,208.33333,50
2022-1-26 20:00:01,BABA,Corto,VBS_ADX,115.57,115.76,0.19,263.15789,50
2022-1-26 19:59:58,MRK,Corto,VBS_ADX,79.075,79.19,0.115,434.78261,50
2022-1-26 20:04:58,NKE,Corto,VBS_ADX,146.41,147.43,1.02,49.01961,50
2022-1-26 20:10:01,BABA,Corto,VBS_ADX,116.05,116.51,0.46,108.69565,50
2022-1-26 20:20:00,AMAT,largo,VBS_ADX,139.255,138.34,0.915,54.64481,50
2022-1-26 21:00:00,NKE,Corto,VBS_ADX,144.53,145.07,0.54,92.59259,50
2022-1-26 21:19:59,DIS,Corto,VBS_ADX,132.86,133.365,0.505,99.0099,50
2022-1-26 21:19:58,NKE,Corto,VBS_ADX,143.25,144.04,0.79,63.29114,50
2022-1-26 21:19:58,MU,Corto,VBS_ADX,80.91,81.51,0.6,83.33333,50
2022-1-26 21:30:00,WMT,Corto,VBS_ADX,135.23,135.53,0.3,166.66667,50
2022-1-26 21:35:01,AMD,Corto,VBS_ADX,109.52,111.6,2.08,24.03846,50
2022-1-26 21:35:00,AMAT,Corto,VBS_ADX,135.24,136.12,0.88,56.81818,50
2022-1-26 21:35:01,BABA,Corto,VBS_ADX,114,114.48,0.48,104.16667,50
2022-1-26 21:34:59,INTC,Corto,VBS_ADX,51.3637,51.71,0.3463,144.38348,50
2022-1-26 21:34:59,JPM,Corto,VBS_ADX,146.92,147.38,0.46,108.69565,50
2022-1-26 21:35:01,MET,Corto,VBS_ADX,65.54,65.72,0.18,277.77778,50
2022-1-26 21:34:59,MCD,Corto,VBS_ADX,248.51,249.21,0.7,71.42857,50
2022-1-26 21:34:58,NKE,Corto,VBS_ADX,143.75,144.29,0.54,92.59259,50
2022-1-26 21:34:59,MU,Corto,VBS_ADX,81.7,82.09,0.39,128.20513,50
2022-1-26 21:35:01,ORCL,Corto,VBS_ADX,79.49,79.75,0.26,192.30769,50
2022-1-26 21:34:59,SBUX,Corto,VBS_ADX,95.32,95.705,0.385,129.87013,50
2022-1-26 21:34:58,TWTR,Corto,VBS_ADX,33.595,33.83,0.235,212.76596,50
2022-1-26 21:35:00,UAL,Corto,VBS_ADX,41.41,41.66,0.25,200,50
2022-1-26 21:35:00,WMT,Corto,VBS_ADX,135.37,135.7,0.33,151.51515,50
2022-1-26 21:34:59,WYNN,Corto,VBS_ADX,86.25,86.76,0.51,98.03922,50
2022-1-26 21:49:59,KO,Corto,VBS_ADX,59.38,59.57,0.19,263.15789,50
2022-1-26 21:50:00,MCD,Corto,VBS_ADX,249.17,250.25,1.08,46.2963,50
2022-1-27 15:44:58,GLD,Corto,VBS_ADX,168.82,169.09,0.27,185.18519,50
2022-1-27 15:44:59,MCD,Corto,VBS_ADX,246.88,247.8463,0.9663,51.74376,50
2022-1-27 15:44:57,NUGT,Corto,VBS_ADX,45.85,46.16,0.31,161.29032,50
2022-1-27 15:55:00,MCD,Corto,VBS_ADX,250.02,250.8157,0.7957,62.83775,50
2022-1-27 15:59:58,C,largo,VBS_ADX,65.51,65.15,0.36,138.88889,50
2022-1-27 15:59:59,WFC,largo,VBS_ADX,55.23,54.91,0.32,156.25,50
2022-1-27 16:10:06,CSCO,largo,VBS_ADX,56.405,56.295,0.11,454.54545,50
2022-1-27 16:09:58,KO,largo,VBS_ADX,60.7,60.58,0.12,416.66667,50
2022-1-27 16:09:57,MET,largo,VBS_ADX,67.56,67.33,0.23,217.3913,50
2022-1-27 16:09:58,WFC,largo,VBS_ADX,55.095,54.91,0.185,270.27027,50
2022-1-27 16:25:01,AAPL,largo,VBS_ADX,163.27,162.84,0.43,116.27907,50
2022-1-27 16:24:58,GILD,largo,VBS_ADX,68.12,67.98,0.14,357.14286,50
2022-1-27 16:24:59,JPM,largo,VBS_ADX,149.1599,148.61,0.5499,90.92562,50
2022-1-27 16:24:58,KO,largo,VBS_ADX,60.74,60.64,0.1,500,50
2022-1-27 16:25:01,SPXL,largo,VBS_ADX,113.66,112.92,0.74,67.56757,50
2022-1-27 16:25:00,TWTR,largo,VBS_ADX,35.075,34.935,0.14,357.14286,50
2022-1-27 16:30:00,SPXL,largo,VBS_ADX,112.73,111.75,0.98,51.02041,50
2022-1-27 16:29:59,TWTR,largo,VBS_ADX,35.05,34.921,0.129,387.5969,50
2022-1-27 16:35:00,TWTR,largo,VBS_ADX,34.76,34.56,0.2,250,50
2022-1-27 16:39:59,DIS,largo,VBS_ADX,136.63,136.22,0.41,121.95122,50
2022-1-27 16:39:58,KO,largo,VBS_ADX,60.62,60.535,0.085,588.23529,50
2022-1-27 17:00:00,AMD,Corto,VBS_ADX,107.08,107.65,0.57,87.7193,50
2022-1-27 17:05:00,AMD,Corto,VBS_ADX,107.42,108.03,0.61,81.96721,50
2022-1-27 17:05:00,WYNN,Corto,VBS_ADX,84.8873,85.23,0.3427,145.9002,50
2022-1-27 17:10:00,GLD,Corto,VBS_ADX,167.845,167.97,0.125,400,50
2022-1-27 17:19:59,CVX,largo,VBS_ADX,136.63,135.79,0.84,59.52381,50
2022-1-27 17:29:59,CVX,largo,VBS_ADX,136.211,135.85,0.361,138.50416,50
2022-1-27 17:29:59,KO,largo,VBS_ADX,60.7464,60.67,0.0764,654.45026,50
2022-1-27 17:29:58,MRK,largo,VBS_ADX,81.395,81.14,0.255,196.07843,50
2022-1-27 17:29:58,WMT,largo,VBS_ADX,138.635,138.42,0.215,232.55814,50
2022-1-27 17:35:00,MCD,largo,VBS_ADX,250.6629,250.16,0.5029,99.42334,50
2022-1-27 17:34:58,MRK,largo,VBS_ADX,81.365,81.14,0.225,222.22222,50
2022-1-27 17:40:01,AMD,Corto,VBS_ADX,106.703,107.275,0.572,87.41259,50
2022-1-27 17:40:00,GLD,Corto,VBS_ADX,167.44,167.67,0.23,217.3913,50
2022-1-27 17:39:59,JPM,Corto,VBS_ADX,147.32,147.62,0.3,166.66667,50
2022-1-27 17:40:00,MCD,largo,VBS_ADX,250.605,249.68,0.925,54.05405,50
2022-1-27 17:39:59,MRK,largo,VBS_ADX,81.36,81.27,0.09,555.55556,50
2022-1-27 17:39:58,MU,Corto,VBS_ADX,81.17,81.49,0.32,156.25,50
2022-1-27 17:45:01,AMD,Corto,VBS_ADX,106.6507,107.31,0.6593,75.83801,50
2022-1-27 17:44:59,GLD,Corto,VBS_ADX,167.49,167.5821,0.0921,542.88817,50
2022-1-27 17:44:58,MRK,largo,VBS_ADX,81.336,81.225,0.111,450.45045,50
2022-1-27 17:49:59,GLD,Corto,VBS_ADX,167.55,167.695,0.145,344.82759,50
2022-1-27 17:55:00,WMT,largo,VBS_ADX,138.9,138.71,0.19,263.15789,50
2022-1-27 18:04:59,DIS,largo,VBS_ADX,137.59,137.3,0.29,172.41379,50
2022-1-27 18:09:59,GLD,Corto,VBS_ADX,167.58,167.71,0.13,384.61538,50
2022-1-27 18:14:58,MRK,largo,VBS_ADX,81.51,81.3,0.21,238.09524,50
2022-1-27 18:14:58,WMT,largo,VBS_ADX,138.63,138.38,0.25,200,50
2022-1-27 18:44:59,CVX,Corto,VBS_ADX,135.28,135.49,0.21,238.09524,50
2022-1-27 19:00:01,AAPL,Corto,VBS_ADX,160.87,161.17,0.3,166.66667,50
2022-1-27 19:00:00,CSCO,Corto,VBS_ADX,55.02,55.13,0.11,454.54545,50
2022-1-27 18:59:58,DIS,Corto,VBS_ADX,135.3,135.66,0.36,138.88889,50
2022-1-27 19:00:00,EBAY,Corto,VBS_ADX,57.2,57.33,0.13,384.61538,50
2022-1-27 19:00:00,GLD,Corto,VBS_ADX,167.39,167.6393,0.2493,200.56157,50
2022-1-27 18:59:59,KO,Corto,VBS_ADX,59.89,59.995,0.105,476.19048,50
2022-1-27 18:59:58,MET,Corto,VBS_ADX,65.63,65.795,0.165,303.0303,50
2022-1-27 18:59:58,NKE,Corto,VBS_ADX,144.02,144.5993,0.5793,86.31107,50
2022-1-27 18:59:58,MU,Corto,VBS_ADX,80.04,80.34,0.3,166.66667,50
2022-1-27 19:00:00,ORCL,Corto,VBS_ADX,79.7,79.85,0.15,333.33333,50
2022-1-27 18:59:59,QCOM,Corto,VBS_ADX,163.83,164.4,0.57,87.7193,50
2022-1-27 19:00:00,SNAP,Corto,VBS_ADX,28.62,28.75,0.13,384.61538,50
2022-1-27 19:00:01,SPXL,Corto,VBS_ADX,108.56,109.2396,0.6796,73.57269,50
2022-1-27 19:00:00,WFC,Corto,VBS_ADX,53.95,54.135,0.185,270.27027,50
2022-1-27 18:59:58,WMT,Corto,VBS_ADX,136.74,137.06,0.32,156.25,50
2022-1-27 19:14:59,GLD,Corto,VBS_ADX,167.36,167.56,0.2,250,50
2022-1-27 19:35:01,EBAY,Corto,VBS_ADX,56.735,56.82,0.085,588.23529,50
2022-1-27 19:35:01,MU,Corto,VBS_ADX,78.89,79.24,0.35,142.85714,50
2022-1-27 19:35:00,QCOM,Corto,VBS_ADX,161.98,162.51,0.53,94.33962,50
2022-1-27 19:35:00,SNAP,Corto,VBS_ADX,28.4,28.5342,0.1342,372.57824,50
2022-1-27 19:35:00,UBER,Corto,VBS_ADX,34.28,34.395,0.115,434.78261,50
2022-1-27 19:44:59,C,Corto,VBS_ADX,64.12,64.35,0.23,217.3913,50
2022-1-27 19:55:00,C,Corto,VBS_ADX,64.22,64.345,0.125,400,50
2022-1-27 19:55:00,CVX,Corto,VBS_ADX,133.72,134.02,0.3,166.66667,50
2022-1-27 19:54:59,MU,Corto,VBS_ADX,78.94,79.23,0.29,172.41379,50
2022-1-27 19:54:59,ORCL,Corto,VBS_ADX,79.66,79.77,0.11,454.54545,50
2022-1-27 19:55:00,SNAP,Corto,VBS_ADX,28.36,28.56,0.2,250,50
2022-1-27 19:54:59,UAL,Corto,VBS_ADX,40.93,41.065,0.135,370.37037,50
2022-1-27 19:59:59,CVX,Corto,VBS_ADX,133.9,134.21,0.31,161.29032,50
2022-1-27 19:59:59,MU,Corto,VBS_ADX,78.99,79.5,0.51,98.03922,50
2022-1-27 20:04:59,CVX,Corto,VBS_ADX,134.07,134.64,0.57,87.7193,50
2022-1-27 20:04:58,EBAY,Corto,VBS_ADX,56.93,57.0561,0.1261,396.51071,50
2022-1-27 21:30:00,MET,Corto,VBS_ADX,65.15,65.52,0.37,135.13514,50
2022-1-27 21:35:00,LVS,Corto,VBS_ADX,42.03,42.175,0.145,344.82759,50
2022-1-27 21:35:01,WMT,Corto,VBS_ADX,135.79,136.04,0.25,200,50
2022-1-27 21:34:58,WYNN,Corto,VBS_ADX,82.44,82.715,0.275,181.81818,50
2022-1-27 21:39:58,WYNN,Corto,VBS_ADX,82.43,82.57,0.14,357.14286,50
2022-1-28 16:14:58,NUGT,Corto,VBS_ADX,42,42.3402,0.3402,146.97237,50
2022-1-28 16:35:01,AAPL,largo,VBS_ADX,165.4,164.86,0.54,92.59259,50
2022-1-28 16:34:59,MCD,largo,VBS_ADX,249.74,249.35,0.39,128.20513,50
2022-1-28 16:39:59,UBER,Corto,VBS_ADX,32.9722,33.15,0.1778,281.21485,50
2022-1-28 16:49:59,MCD,largo,VBS_ADX,249.8775,249.2,0.6775,73.80074,50
2022-1-28 16:59:58,UAL,Corto,VBS_ADX,39.1531,39.56,0.4069,122.88031,50
2022-1-28 17:30:00,AAPL,largo,VBS_ADX,168.545,168.18,0.365,136.9863,50
2022-1-28 17:30:00,SNAP,largo,VBS_ADX,30.065,29.91,0.155,322.58065,50
2022-1-28 17:35:00,AAPL,largo,VBS_ADX,168,167.44,0.56,89.28571,50
2022-1-28 17:35:00,AMD,largo,VBS_ADX,103.85,103.21,0.64,78.125,50
2022-1-28 17:35:00,SNAP,largo,VBS_ADX,29.98,29.82,0.16,312.5,50
2022-1-28 17:55:00,AAPL,largo,VBS_ADX,167.81,167.42,0.39,128.20513,50
2022-1-28 17:55:00,SPXL,largo,VBS_ADX,109.73,109.391,0.339,147.49263,50
2022-1-28 18:09:58,AMAT,largo,VBS_ADX,130.46,130.01,0.45,111.11111,50
2022-1-28 18:10:00,QCOM,largo,VBS_ADX,164.71,164.04,0.67,74.62687,50
2022-1-28 18:09:58,UBER,largo,VBS_ADX,34.735,34.61,0.125,400,50
2022-1-28 18:14:58,AMAT,largo,VBS_ADX,130.2,129.51,0.69,72.46377,50
2022-1-28 18:15:00,QCOM,largo,VBS_ADX,164.3981,163.57,0.8281,60.37918,50
2022-1-28 18:14:57,SNAP,largo,VBS_ADX,30.31,30.085,0.225,222.22222,50
2022-1-28 18:14:59,UBER,largo,VBS_ADX,34.6496,34.4573,0.1923,260.0104,50
2022-1-28 18:20:01,AAPL,largo,VBS_ADX,168.74,168.46,0.28,178.57143,50
2022-1-28 18:19:58,AMAT,largo,VBS_ADX,130.13,129.94,0.19,263.15789,50
2022-1-28 18:19:59,MCD,largo,VBS_ADX,253.48,253.07,0.41,121.95122,50
2022-1-28 18:20:00,NKE,largo,VBS_ADX,144.42,144,0.42,119.04762,50
2022-1-28 18:19:57,QCOM,largo,VBS_ADX,164.0745,163.76,0.3145,158.98251,50
2022-1-28 18:19:59,SBUX,largo,VBS_ADX,96.17,96.02,0.15,333.33333,50
2022-1-28 18:19:59,SNAP,largo,VBS_ADX,30.2,30.08,0.12,416.66667,50
2022-1-28 18:20:01,SPXL,largo,VBS_ADX,110.85,110.42,0.43,116.27907,50
2022-1-28 18:19:59,TWTR,largo,VBS_ADX,35.235,35.14,0.095,526.31579,50
2022-1-28 18:25:01,AAPL,largo,VBS_ADX,168.4897,168.15,0.3397,147.1887,50
2022-1-28 18:24:58,MCD,largo,VBS_ADX,253.68,253.19,0.49,102.04082,50
2022-1-28 18:25:00,LVS,largo,VBS_ADX,42.97,42.77,0.2,250,50
2022-1-28 18:24:59,NKE,largo,VBS_ADX,144.43,143.8229,0.6071,82.35875,50
2022-1-28 18:25:00,QCOM,largo,VBS_ADX,163.76,163.271,0.489,102.24949,50
2022-1-28 18:24:58,SBUX,largo,VBS_ADX,96.11,95.96,0.15,333.33333,50
2022-1-28 18:25:00,SNAP,largo,VBS_ADX,30.1,29.91,0.19,263.15789,50
2022-1-28 18:29:58,AMAT,largo,VBS_ADX,129.4479,129.02,0.4279,116.84973,50
2022-1-28 18:29:59,CSCO,largo,VBS_ADX,55.019,54.915,0.104,480.76923,50
2022-1-28 18:29:58,EBAY,largo,VBS_ADX,57.15,57.03,0.12,416.66667,50
2022-1-28 18:29:57,MCD,largo,VBS_ADX,253.27,252.83,0.44,113.63636,50
2022-1-28 18:29:58,LVS,largo,VBS_ADX,42.9,42.76,0.14,357.14286,50
2022-1-28 18:29:59,NKE,largo,VBS_ADX,143.84,143.545,0.295,169.49153,50
2022-1-28 18:29:58,QCOM,largo,VBS_ADX,163.59,162.9601,0.6299,79.37768,50
2022-1-28 18:30:00,SBUX,largo,VBS_ADX,96,95.8432,0.1568,318.87755,50
2022-1-28 18:29:58,SNAP,largo,VBS_ADX,30.03,29.84,0.19,263.15789,50
2022-1-28 18:30:01,SPXL,largo,VBS_ADX,110.1,109.56,0.54,92.59259,50
2022-1-28 18:30:00,TWTR,largo,VBS_ADX,35.06,34.965,0.095,526.31579,50
2022-1-28 18:29:59,UBER,largo,VBS_ADX,34.42,34.32,0.1,500,50
2022-1-28 18:34:59,CSCO,largo,VBS_ADX,54.99,54.88,0.11,454.54545,50
2022-1-28 18:35:00,EBAY,largo,VBS_ADX,57.135,57.01,0.125,400,50
2022-1-28 18:34:58,MCD,largo,VBS_ADX,252.895,252.65,0.245,204.08163,50
2022-1-28 18:35:00,LVS,largo,VBS_ADX,42.84,42.72,0.12,416.66667,50
2022-1-28 18:35:01,SPXL,largo,VBS_ADX,109.94,109.51,0.43,116.27907,50
2022-1-28 18:34:59,TWTR,largo,VBS_ADX,35.03,34.9,0.13,384.61538,50
2022-1-28 18:35:00,UBER,largo,VBS_ADX,34.41,34.26,0.15,333.33333,50
2022-1-28 18:39:59,CSCO,largo,VBS_ADX,54.955,54.818,0.137,364.9635,50
2022-1-28 18:40:00,EBAY,largo,VBS_ADX,57.12,56.975,0.145,344.82759,50
2022-1-28 18:39:59,MCD,largo,VBS_ADX,252.875,252.52,0.355,140.84507,50
2022-1-28 18:39:59,LVS,largo,VBS_ADX,42.82,42.7,0.12,416.66667,50
2022-1-28 20:05:00,CSCO,largo,VBS_ADX,55.13,55.005,0.125,400,50
2022-1-28 20:09:58,KO,largo,VBS_ADX,60.1962,60.15,0.0462,1082.25108,50
2022-1-28 20:14:59,KO,largo,VBS_ADX,60.16,60.11,0.05,1000,50
2022-1-28 20:14:59,MCD,largo,VBS_ADX,254.03,253.69,0.34,147.05882,50
2022-1-28 20:19:58,KO,largo,VBS_ADX,60.115,60.06,0.055,909.09091,50
2022-1-28 20:45:01,AMD,Corto,VBS_ADX,101.21,101.8399,0.6299,79.37768,50
2022-1-28 20:44:58,MU,Corto,VBS_ADX,76.28,76.65,0.37,135.13514,50
2022-1-28 20:50:00,AMD,Corto,VBS_ADX,101.43,102.03,0.6,83.33333,50
2022-1-28 20:49:58,MU,Corto,VBS_ADX,76.48,76.8199,0.3399,147.10209,50
2022-1-28 20:54:59,AMD,Corto,VBS_ADX,101.69,102.034,0.344,145.34884,50
2022-1-28 20:54:58,MU,Corto,VBS_ADX,76.655,76.84,0.185,270.27027,50
2022-1-28 21:14:59,MCD,largo,VBS_ADX,255.48,254.66,0.82,60.97561,50
2022-1-28 21:19:59,KO,largo,VBS_ADX,60.43,60.345,0.085,588.23529,50
2022-1-28 21:19:58,MCD,largo,VBS_ADX,255.08,254.78,0.3,166.66667,50
2022-1-28 21:40:00,GLD,largo,VBS_ADX,167.03,166.98,0.05,1000,50
